5ff74d6e-0b3e-4d52-8853-a57001eaf47d,Member1,0900000001
996e0763-915c-4965-877c-a6ee80164ada,Member2,0900000002
c6859e50-caf8-4b58-ad4d-cfbd553c8da5,Member3,0900000003
47102d63-4e71-4636-89d1-a926b5ed7a4d,Member4,0900000004
69915683-8bcf-4525-b39b-759f068ac500,Member5,0900000005
e1e428c8-97dd-4bf9-b42f-b8ca8f0d3af1,Member6,0900000006
7aea8d26-b89f-4913-93ed-3a59785fed17,Member7,0900000007
7dfe8c0e-ed72-422d-825a-42798c3b68bb,Member8,0900000008
ffbcb711-08d3-4095-a071-e5dc058dba0b,Member9,0900000009
ba3bfe9f-9a34-4476-bcca-502b7d043f51,Member10,0900000010
e8c6b233-0486-449f-8692-7e20309a5e6b,Member11,0900000011
9eee57e9-5317-4615-837c-559d38b9ea3c,Member12,0900000012
f75b476d-05f8-48e1-abb3-303e59510dff,Member13,0900000013
2eb83b8b-7f9f-4347-8d6b-90818fee0591,Member14,0900000014
f275bfbf-716b-4df0-9bc2-c2d9b4b18d80,Member15,0900000015
b6d24efd-53f9-461b-aff9-1ad53c0d4a48,Member16,0900000016
c5803fd4-cc1a-49e4-87cc-08f0ffeccc33,Member17,0900000017
ef05e93a-f5f2-4d95-bbea-f5528b1f6060,Member18,0900000018
a59f1725-2cb7-4c8a-b9f2-ef17a0dc65c2,Member19,0900000019
eddb2a72-9cef-4c83-a29a-8b55c1bfc4aa,Member20,0900000020
