11d943b3-843c-4675-8b9f-ec288061ae56,21d54267-e63f-45a7-8d1b-5a6667f6e8fa,e339f159-33a2-4a6f-b4d2-9622af0ac943,"5ff74d6e-0b3e-4d52-8853-a57001eaf47d;996e0763-915c-4965-877c-a6ee80164ada",2025-11-01,17:00,60,SCHEDULED
7ff2a769-2b3d-4fff-a425-a4059508f9e5,852dd924-0e72-49cb-8468-0bf4afdc480b,218bf364-7523-4c6e-be4b-96c006681dc7,"996e0763-915c-4965-877c-a6ee80164ada;c6859e50-caf8-4b58-ad4d-cfbd553c8da5",2025-11-02,18:00,60,SCHEDULED
d06e6f78-1c62-449b-9ddb-85b20c89b88c,4396d263-ed3d-4252-9618-ef60ee4b36dc,9dc1fc8a-b62f-40dd-a2ee-9e10761232e4,"c6859e50-caf8-4b58-ad4d-cfbd553c8da5;47102d63-4e71-4636-89d1-a926b5ed7a4d",2025-11-03,19:00,60,SCHEDULED
74d371d3-ae24-4eca-9bea-6a950167df9c,1c2fed39-b6a3-42bc-b9fa-c54d1280abd7,884d41d2-2a59-4788-8675-08d5ecd601fd,"47102d63-4e71-4636-89d1-a926b5ed7a4d;69915683-8bcf-4525-b39b-759f068ac500",2025-11-04,17:00,60,SCHEDULED
42af0101-f91a-4a6b-b999-47dd13add125,21d54267-e63f-45a7-8d1b-5a6667f6e8fa,e339f159-33a2-4a6f-b4d2-9622af0ac943,"69915683-8bcf-4525-b39b-759f068ac500;e1e428c8-97dd-4bf9-b42f-b8ca8f0d3af1",2025-11-05,18:00,60,SCHEDULED
8c000607-e883-4c86-b83a-fcc317c45235,852dd924-0e72-49cb-8468-0bf4afdc480b,218bf364-7523-4c6e-be4b-96c006681dc7,"e1e428c8-97dd-4bf9-b42f-b8ca8f0d3af1;7aea8d26-b89f-4913-93ed-3a59785fed17",2025-11-01,19:00,60,SCHEDULED
3cb59862-19d1-4dcf-bbe8-6e6d5dca670e,4396d263-ed3d-4252-9618-ef60ee4b36dc,9dc1fc8a-b62f-40dd-a2ee-9e10761232e4,"7aea8d26-b89f-4913-93ed-3a59785fed17;7dfe8c0e-ed72-422d-825a-42798c3b68bb",2025-11-02,17:00,60,SCHEDULED
e9042829-1725-4dff-807d-16e768227973,1c2fed39-b6a3-42bc-b9fa-c54d1280abd7,884d41d2-2a59-4788-8675-08d5ecd601fd,"7dfe8c0e-ed72-422d-825a-42798c3b68bb;ffbcb711-08d3-4095-a071-e5dc058dba0b",2025-11-03,18:00,60,SCHEDULED
6344a5ad-d6d9-4d7a-b5cb-5deb6aa44b78,21d54267-e63f-45a7-8d1b-5a6667f6e8fa,e339f159-33a2-4a6f-b4d2-9622af0ac943,"ffbcb711-08d3-4095-a071-e5dc058dba0b;ba3bfe9f-9a34-4476-bcca-502b7d043f51",2025-11-04,19:00,60,SCHEDULED
53ed4bed-b265-4f8f-ad20-ea457d13bb66,852dd924-0e72-49cb-8468-0bf4afdc480b,218bf364-7523-4c6e-be4b-96c006681dc7,"ba3bfe9f-9a34-4476-bcca-502b7d043f51;e8c6b233-0486-449f-8692-7e20309a5e6b",2025-11-05,17:00,60,SCHEDULED
