4a7e5cc5-0cc0-4ca6-ba47-496ef60c4749,Member1,0900000001
81777630-3a6b-4143-a318-b0076b87f73c,Member2,0900000002
9d20f2bb-e0f1-4799-a7d5-76f4c212680f,Member3,0900000003
ae3f45ea-6d36-408b-a239-dcfaf7779848,Member4,0900000004
e05994b5-66fe-4572-9825-2545c8836243,Member5,0900000005
66d1b443-fa7d-4915-a7ce-3ff520b7c001,Member6,0900000006
ef50422a-51bf-438e-a63b-488d40a77699,Member7,0900000007
88ba4e55-b861-4b68-afaa-a30d48445cfb,Member8,0900000008
80890ba9-a7e1-4074-b47c-2230b19e0a2b,Member9,0900000009
6249008f-f4a7-41c7-928a-261afaa5f46d,Member10,0900000010
63f5d92f-85e3-4927-aab6-4bea31ef9fb1,Member11,0900000011
18fc9130-4caa-4dc0-9439-22fe7d6e0dd9,Member12,0900000012
81f43966-14e9-4cb5-91a6-db3d62516e7d,Member13,0900000013
83e09c44-5918-4d87-babc-4670aea552b4,Member14,0900000014
b55c8173-93d2-4410-9b1d-7ed1d55ffa89,Member15,0900000015
d1ec67e0-4c74-40a7-841c-5bc987030f70,Member16,0900000016
327a7c19-71f5-4261-a9ef-e68907296b85,Member17,0900000017
c88bb11c-117c-4339-b1e1-041e59a79d0b,Member18,0900000018
4fbefa7a-65dc-4efe-97d3-412e2d49b690,Member19,0900000019
160a6d3f-b0fc-4624-a5bf-5278b0fb62e0,Member20,0900000020
