fb038f42-b7e5-43e9-b2c0-7ce116bd5252,1a813be9-6c30-4643-8b6d-fdddc48645da,ee067b72-9fbd-40f4-b6b6-9a7a52e9b5d4,"4a7e5cc5-0cc0-4ca6-ba47-496ef60c4749;81777630-3a6b-4143-a318-b0076b87f73c",2025-11-01,17:00,60,SCHEDULED
1ebd22f9-9770-4959-819b-984880c1d366,d7c75736-582d-4c7c-bf37-3c1f4094fe47,6db25f04-4e92-4e13-8396-e7f103f9d240,"81777630-3a6b-4143-a318-b0076b87f73c;9d20f2bb-e0f1-4799-a7d5-76f4c212680f",2025-11-02,18:00,60,SCHEDULED
d6547ebb-a6ee-45f6-993a-3510ff5b44bd,2ec5e74a-a3bd-4fe1-a178-71fee507a504,06876a4d-d61e-48a4-af98-b453c6621be0,"9d20f2bb-e0f1-4799-a7d5-76f4c212680f;ae3f45ea-6d36-408b-a239-dcfaf7779848",2025-11-03,19:00,60,SCHEDULED
9629fb02-b664-4499-a63d-ddfffa1e6c0e,650e3feb-0a09-41fd-87db-be9bf6bdf2c1,3415071d-6641-4b1b-a7e6-148cf437c072,"ae3f45ea-6d36-408b-a239-dcfaf7779848;e05994b5-66fe-4572-9825-2545c8836243",2025-11-04,17:00,60,SCHEDULED
17265e54-9447-479c-9532-a3fee5915f89,1a813be9-6c30-4643-8b6d-fdddc48645da,ee067b72-9fbd-40f4-b6b6-9a7a52e9b5d4,"e05994b5-66fe-4572-9825-2545c8836243;66d1b443-fa7d-4915-a7ce-3ff520b7c001",2025-11-05,18:00,60,SCHEDULED
f78b8294-0175-41b8-b586-b51fc747a479,d7c75736-582d-4c7c-bf37-3c1f4094fe47,6db25f04-4e92-4e13-8396-e7f103f9d240,"66d1b443-fa7d-4915-a7ce-3ff520b7c001;ef50422a-51bf-438e-a63b-488d40a77699",2025-11-01,19:00,60,SCHEDULED
73b120e6-b429-435b-bfaf-23c85012d2d0,2ec5e74a-a3bd-4fe1-a178-71fee507a504,06876a4d-d61e-48a4-af98-b453c6621be0,"ef50422a-51bf-438e-a63b-488d40a77699;88ba4e55-b861-4b68-afaa-a30d48445cfb",2025-11-02,17:00,60,SCHEDULED
5a151e24-44f0-4da9-ad56-253b79bcf6a8,650e3feb-0a09-41fd-87db-be9bf6bdf2c1,3415071d-6641-4b1b-a7e6-148cf437c072,"88ba4e55-b861-4b68-afaa-a30d48445cfb;80890ba9-a7e1-4074-b47c-2230b19e0a2b",2025-11-03,18:00,60,SCHEDULED
3e738c46-994e-4fd3-8dbb-647f16266598,1a813be9-6c30-4643-8b6d-fdddc48645da,ee067b72-9fbd-40f4-b6b6-9a7a52e9b5d4,"80890ba9-a7e1-4074-b47c-2230b19e0a2b;6249008f-f4a7-41c7-928a-261afaa5f46d",2025-11-04,19:00,60,SCHEDULED
e5bfdbb3-dd69-4657-88e2-4e27dcdd954a,d7c75736-582d-4c7c-bf37-3c1f4094fe47,6db25f04-4e92-4e13-8396-e7f103f9d240,"6249008f-f4a7-41c7-928a-261afaa5f46d;63f5d92f-85e3-4927-aab6-4bea31ef9fb1",2025-11-05,17:00,60,SCHEDULED
