be334af5-dc00-4a87-9bfa-06d8efd03081,Member1,0900000001
501a6db3-248f-4ec9-aa1b-1a9c795f6520,Member2,0900000002
e37dbe19-8716-4f11-8b28-2872f09482e5,Member3,0900000003
5dcd072f-baad-4531-b304-8266f055daff,Member4,0900000004
16a2c695-cd99-4eca-9439-75e62332d911,Member5,0900000005
3c7098a8-09a6-4cda-873b-2e2f461e05b9,Member6,0900000006
5e74e7d9-db71-41ec-90ba-87a255566541,Member7,0900000007
aa7650b4-2f75-491b-956b-2126f6fae8ab,Member8,0900000008
2abe14e4-a650-451b-9679-9be752f955f2,Member9,0900000009
734ec349-d070-4d69-b3a2-2348719747dc,Member10,0900000010
f5518ad0-950f-4031-9ae5-bceb800fa03a,Member11,0900000011
75d2e1db-5ef4-400d-9169-48678b0ed5ba,Member12,0900000012
6d7aac08-a54f-49c1-b0d8-cd322fbb7dac,Member13,0900000013
d96afd1f-8f73-41ca-a5e2-c6e68142bbe5,Member14,0900000014
ee987008-343f-4bc5-a4c0-bc92201b1cab,Member15,0900000015
96e65294-c020-4069-b0cf-092af1991532,Member16,0900000016
782c62fb-5a1e-4c68-904b-17995633b95f,Member17,0900000017
10cd759f-d58e-48ef-a19d-1d6adfb535da,Member18,0900000018
55120022-1a7a-44ac-bac2-081827b716f6,Member19,0900000019
e0b5c742-4348-422d-8009-76a68205196c,Member20,0900000020
