a7f5a261-6858-4d26-ba6a-363df2ba1c6f,Member1,0900000001
dd3f5d52-cba4-45fe-8490-b9b8b2512f5c,Member2,0900000002
54ff1622-a134-4078-976e-7f65205653b0,Member3,0900000003
380f4f12-f5d3-4393-ae44-a40e74016b52,Member4,0900000004
4afad89d-e146-4b78-b163-05fa4eecd51e,Member5,0900000005
52d61635-5d3c-45a9-a9af-92d1aceef165,Member6,0900000006
8fd445f5-b595-42ba-bc53-faa9079cac2d,Member7,0900000007
229118ba-bfd6-4d0a-a49a-a527265160a1,Member8,0900000008
4daf692f-4364-4eb9-bf86-e21cb600d0cd,Member9,0900000009
c7c3822b-8560-49b1-a3f6-ddc0ceee1144,Member10,0900000010
b156b575-2b18-40fb-afc8-7732ed7b5165,Member11,0900000011
3bd68471-57e2-420e-8b12-ee6bca9548fa,Member12,0900000012
0f6e778c-9a17-4ec9-9da4-1f3bce246fb1,Member13,0900000013
f1746d51-0015-43b9-9ae0-a3d2def474ba,Member14,0900000014
1c35642c-aeae-4b2f-94ba-8bfac1bf3c11,Member15,0900000015
321e7474-b17a-48c2-916a-1c3b5ea4401e,Member16,0900000016
05130829-15df-48aa-a963-bf5a71cf4b59,Member17,0900000017
4de73223-1faa-4fcd-b020-2197ad1dfb9d,Member18,0900000018
95108f2d-2a05-42ba-b6be-1fbad6f4772e,Member19,0900000019
57ef406e-a0d8-43ae-ad34-68de41a0ec7b,Member20,0900000020
